Words,Reduction Words,Meaningful Words,Correct Words
ایرانی,ایرانی,ایرانی,ایران
ایراااااااان,ایران,ایران,ایران
خیلییییییی,خیلی,خیلی,خیلی
سچت,سچت,سچت,سچت
زنذگی,زنذگی,زنذگی,زنذگی
رسمی,رسمی,رسمی,رسمی
سال,سال,سال,حاصل
گویای,گویای,گویای,گویای
استفاده,استفاده,استفاده,استفاده
ایران,ایران,ایران,ایران
گونه,گونه,گونه,گونه
بوده,بوده,بوده,بوده
ایران,ایران,ایران,ایران
عدد,عد,عد,کد
رتبه,رتبه,رتبه,رتبه
شانزد,شانزد,شانزد,شانزد
نسبت,نسبت,نسبت,نسبت
سال,سال,سال,حاصل
تغییری,تغیری,تغیری,تیر
نداشته,نداشته,نداشته,نداشته
آنلاین,آنلاین,آنلاین,آنلاین
گویای,گویای,گویای,گویای
استفاده,استفاده,استفاده,استفاده
ایرانیان,ایرانیان,ایرانیان,ایرانیان
بخش,بخش,بخش,بی
عدد,عد,عد,کد
رتبه,رتبه,رتبه,رتبه
شانزدهم,شانزدهم,شانزدهم,شانزدهم
زیرشاخص,زیرشاخص,زیرشاخص,زیرشاخص
استفاده,استفاده,استفاده,استفاده
قرا,قرا,قرا,درج
تغییری,تغیری,تغیری,تیر
نداشته,نداشته,نداشته,نداشته
آمارهای,آمارهای,آمارهای,آمارهای
رسمی,رسمی,رسمی,رسمی
بخش,بخش,بخش,بی
بخش,بخش,بخش,بی
میان,میان,میان,ایران
یکی,یکی,یکی,بی
زیرشاخص,زیرشاخص,زیرشاخص,زیرشاخص
مربوط,مربوط,مربوط,مربوط
بحث,بحث,بحث,بی
رتبه,رتبه,رتبه,رتبه
کشورهای,کشورهای,کشورهای,کشورهای
مختلف,مختلف,مختلف,مختلف
حوزه,حوزه,حوزه,حوزه
تلاش,تلاش,تلاش,تلاش
سه,سه,سه,i
گرو,گرو,گرو,درج
منظور,منظور,منظور,منظور
